{
  "providers": [
    {
      "type": "bitmap",
      "ascent": 8,
      "chars": [
        "\u1526"
      ],
      "file": "minecraft:ranks/noormel.png",
      "height": 9
    },
    {
      "type": "bitmap",
      "ascent": 8,
      "chars": [
        "\u1527"
      ],
      "file": "minecraft:ranks/admin.png",
      "height": 9
    },
    {
      "type": "bitmap",
      "ascent": 8,
      "chars": [
        "\u1528"
      ],
      "file": "minecraft:ranks/hdev.png",
      "height": 9
    },
    {
      "type": "bitmap",
      "ascent": 8,
      "chars": [
        "\u1529"
      ],
      "file": "minecraft:ranks/dev.png",
      "height": 9
    },
    {
      "type": "bitmap",
      "ascent": 8,
      "chars": [
        "\u1530"
      ],
      "file": "minecraft:ranks/hmod.png",
      "height": 9
    },
    {
      "type": "bitmap",
      "ascent": 8,
      "chars": [
        "\u1531"
      ],
      "file": "minecraft:ranks/mod.png",
      "height": 9
    },
    {
      "type": "bitmap",
      "ascent": 8,
      "chars": [
        "\u1532"
      ],
      "file": "minecraft:ranks/hbuilder.png",
      "height": 9
    },
    {
      "type": "bitmap",
      "ascent": 8,
      "chars": [
        "\u1533"
      ],
      "file": "minecraft:ranks/builder.png",
      "height": 9
    },
    {
      "type": "bitmap",
      "ascent": 8,
      "chars": [
        "\u1534"
      ],
      "file": "minecraft:ranks/vip.png",
      "height": 9
    },
    {
      "type": "bitmap",
      "ascent": 8,
      "chars": [
        "\u1535"
      ],
      "file": "minecraft:ranks/player.png",
      "height": 9
    },
    {
      "type": "bitmap",
      "ascent": 8,
      "chars": [
        "\u1536"
      ],
      "file": "minecraft:ranks/sub.png",
      "height": 9
    },
    {
      "type": "bitmap",
      "ascent": 8,
      "chars": [
        "\u02E6"
      ],
      "file": "minecraft:ranks/hoster.png",
      "height": 9
    },
    {
      "type": "bitmap",
      "ascent": 8,
      "chars": [
        "\u02E7"
      ],
      "file": "minecraft:ranks/kitpvp.png",
      "height": 9
    },
    {
      "type": "bitmap",
      "ascent": 8,
      "chars": [
        "\u02E8"
      ],
      "file": "minecraft:ranks/media.png",
      "height": 9
    },
    {
      "type": "bitmap",
      "ascent": 8,
      "chars": [
        "\u02E9"
      ],
      "file": "minecraft:ranks/vipplus.png",
      "height": 9
    },
    {
      "type": "bitmap",
      "ascent": 8,
      "chars": [
        "\u03E1"
      ],
      "file": "minecraft:ranks/snowmc.png",
      "height": 9
    }
  ]
}