{
	"credit": "Freezy",
	"parent": "iron_hoe",
	"texture_size": [64, 64],
	"textures": {
		"1": "item/gun/1/texture",
		"particle": "item/gun/1/texture"
	},
	"elements": [
		{
			"from": [8, -2, 3],
			"to": [9, 3, 5],
			"rotation": {"angle": -22.5, "axis": "x", "origin": [0, 0, -6]},
			"faces": {
				"north": {"uv": [5, 6.5, 5.25, 7.75], "texture": "#1"},
				"east": {"uv": [0.5, 5.5, 1, 6.75], "texture": "#1"},
				"south": {"uv": [5.25, 6.5, 5.5, 7.75], "texture": "#1"},
				"west": {"uv": [1, 5.5, 1.5, 6.75], "texture": "#1"},
				"up": {"uv": [2.5, 5.5, 2.25, 5], "texture": "#1"},
				"down": {"uv": [5.25, 2.5, 5, 3], "texture": "#1"}
			}
		},
		{
			"from": [7, 6, -10],
			"to": [10, 9, -4],
			"rotation": {"angle": 0, "axis": "y", "origin": [0, 0, -6]},
			"faces": {
				"north": {"uv": [2.5, 6, 3.25, 6.75], "texture": "#1"},
				"east": {"uv": [3.75, 3, 5.25, 3.75], "texture": "#1"},
				"south": {"uv": [3.25, 6, 4, 6.75], "texture": "#1"},
				"west": {"uv": [3.75, 3.75, 5.25, 4.5], "texture": "#1"},
				"up": {"uv": [3.25, 6, 2.5, 4.5], "texture": "#1"},
				"down": {"uv": [4, 4.5, 3.25, 6], "texture": "#1"}
			}
		},
		{
			"from": [7.5, 6.5, -4],
			"to": [9.5, 8.5, 0],
			"rotation": {"angle": 0, "axis": "y", "origin": [0, 0, -6]},
			"faces": {
				"north": {"uv": [6.75, 0, 7.25, 0.5], "texture": "#1"},
				"east": {"uv": [6.25, 2.5, 7.25, 3], "texture": "#1"},
				"south": {"uv": [0.75, 6.75, 1.25, 7.25], "texture": "#1"},
				"west": {"uv": [6.25, 3, 7.25, 3.5], "texture": "#1"},
				"up": {"uv": [7, 1.5, 6.5, 0.5], "texture": "#1"},
				"down": {"uv": [7, 1.5, 6.5, 2.5], "texture": "#1"}
			}
		},
		{
			"from": [8, 9, -9],
			"to": [9, 10, -7],
			"rotation": {"angle": 0, "axis": "y", "origin": [0, 0, -6]},
			"faces": {
				"north": {"uv": [6.25, 3.5, 6.5, 3.75], "texture": "#1"},
				"east": {"uv": [7, 2.25, 7.5, 2.5], "texture": "#1"},
				"south": {"uv": [7.25, 5.5, 7.5, 5.75], "texture": "#1"},
				"west": {"uv": [7.25, 0, 7.75, 0.25], "texture": "#1"},
				"up": {"uv": [1.25, 7.75, 1, 7.25], "texture": "#1"},
				"down": {"uv": [7.5, 1, 7.25, 1.5], "texture": "#1"}
			}
		},
		{
			"from": [8.5, 10, -9],
			"to": [8.6, 11, -8],
			"rotation": {"angle": 0, "axis": "y", "origin": [0, 0, -6]},
			"faces": {
				"north": {"uv": [7.5, 3.5, 7.625, 3.75], "texture": "#1"},
				"east": {"uv": [7.25, 5.75, 7.5, 6], "texture": "#1"},
				"south": {"uv": [7.5, 3.75, 7.625, 4], "texture": "#1"},
				"west": {"uv": [7.25, 6, 7.5, 6.25], "texture": "#1"},
				"up": {"uv": [4.125, 7.75, 4, 7.5], "texture": "#1"},
				"down": {"uv": [7.625, 4, 7.5, 4.25], "texture": "#1"}
			}
		},
		{
			"from": [6, 6, -1],
			"to": [11, 8, 6],
			"rotation": {"angle": 0, "axis": "y", "origin": [0, 0, -6]},
			"faces": {
				"north": {"uv": [5.25, 4, 6.5, 4.5], "texture": "#1"},
				"east": {"uv": [5, 0, 6.75, 0.5], "texture": "#1"},
				"south": {"uv": [5.5, 5, 6.75, 5.5], "texture": "#1"},
				"west": {"uv": [0.5, 5, 2.25, 5.5], "texture": "#1"},
				"up": {"uv": [3.75, 2.75, 2.5, 1], "texture": "#1"},
				"down": {"uv": [3.75, 2.75, 2.5, 4.5], "texture": "#1"}
			}
		},
		{
			"from": [6.2, 8, 0],
			"to": [10.8, 10, 6],
			"rotation": {"angle": 0, "axis": "y", "origin": [0, 0, -6]},
			"faces": {
				"north": {"uv": [6, 5.5, 7.125, 6], "texture": "#1"},
				"east": {"uv": [5, 0.5, 6.5, 1], "texture": "#1"},
				"south": {"uv": [6, 6, 7.125, 6.5], "texture": "#1"},
				"west": {"uv": [5, 1, 6.5, 1.5], "texture": "#1"},
				"up": {"uv": [1.125, 5, 0, 3.5], "texture": "#1"},
				"down": {"uv": [2.375, 3.5, 1.25, 5], "texture": "#1"}
			}
		},
		{
			"from": [6, 6, 6],
			"to": [11, 10, 16],
			"rotation": {"angle": 0, "axis": "y", "origin": [0, 0, -6]},
			"faces": {
				"north": {"uv": [3.75, 1, 5, 2], "texture": "#1"},
				"east": {"uv": [0, 2.5, 2.5, 3.5], "texture": "#1"},
				"south": {"uv": [3.75, 2, 5, 3], "texture": "#1"},
				"west": {"uv": [2.5, 0, 5, 1], "texture": "#1"},
				"up": {"uv": [1.25, 2.5, 0, 0], "texture": "#1"},
				"down": {"uv": [2.5, 0, 1.25, 2.5], "texture": "#1"}
			}
		},
		{
			"from": [8, 10, 8],
			"to": [9, 11, 11],
			"rotation": {"angle": 0, "axis": "y", "origin": [0, 0, -6]},
			"faces": {
				"north": {"uv": [7.25, 6.25, 7.5, 6.5], "texture": "#1"},
				"east": {"uv": [5.75, 3.75, 6.5, 4], "texture": "#1"},
				"south": {"uv": [7.25, 7, 7.5, 7.25], "texture": "#1"},
				"west": {"uv": [7, 2, 7.75, 2.25], "texture": "#1"},
				"up": {"uv": [7.25, 7.75, 7, 7], "texture": "#1"},
				"down": {"uv": [1, 7.25, 0.75, 8], "texture": "#1"}
			}
		},
		{
			"from": [7.5, 11, 6],
			"to": [9.5, 13, 12],
			"rotation": {"angle": 0, "axis": "y", "origin": [0, 0, -6]},
			"faces": {
				"north": {"uv": [1.25, 6.75, 1.75, 7.25], "texture": "#1"},
				"east": {"uv": [5, 1.5, 6.5, 2], "texture": "#1"},
				"south": {"uv": [1.75, 6.75, 2.25, 7.25], "texture": "#1"},
				"west": {"uv": [5, 2, 6.5, 2.5], "texture": "#1"},
				"up": {"uv": [4.5, 6.5, 4, 5], "texture": "#1"},
				"down": {"uv": [5, 5, 4.5, 6.5], "texture": "#1"}
			}
		},
		{
			"from": [7.5, -6, 15],
			"to": [9.5, -1, 17],
			"rotation": {"angle": -22.5, "axis": "x", "origin": [0, 0, -6]},
			"faces": {
				"north": {"uv": [1.5, 5.5, 2, 6.75], "texture": "#1"},
				"east": {"uv": [2, 5.5, 2.5, 6.75], "texture": "#1"},
				"south": {"uv": [5.5, 5.5, 6, 6.75], "texture": "#1"},
				"west": {"uv": [5.75, 2.5, 6.25, 3.75], "texture": "#1"},
				"up": {"uv": [2.75, 7.25, 2.25, 6.75], "texture": "#1"},
				"down": {"uv": [3.25, 6.75, 2.75, 7.25], "texture": "#1"}
			}
		},
		{
			"from": [7.5, -6, 13],
			"to": [9.5, -5, 17],
			"rotation": {"angle": -22.5, "axis": "x", "origin": [0, 0, -6]},
			"faces": {
				"north": {"uv": [7.25, 0.25, 7.75, 0.5], "texture": "#1"},
				"east": {"uv": [6.75, 5, 7.75, 5.25], "texture": "#1"},
				"south": {"uv": [1.25, 7.25, 1.75, 7.5], "texture": "#1"},
				"west": {"uv": [6.75, 5.25, 7.75, 5.5], "texture": "#1"},
				"up": {"uv": [7, 4.5, 6.5, 3.5], "texture": "#1"},
				"down": {"uv": [4.5, 6.5, 4, 7.5], "texture": "#1"}
			}
		},
		{
			"from": [7.5, -6, 12],
			"to": [9.5, 0, 13],
			"rotation": {"angle": -22.5, "axis": "x", "origin": [0, 0, -6]},
			"faces": {
				"north": {"uv": [5, 5, 5.5, 6.5], "texture": "#1"},
				"east": {"uv": [4.5, 6.5, 4.75, 8], "texture": "#1"},
				"south": {"uv": [5.25, 2.5, 5.75, 4], "texture": "#1"},
				"west": {"uv": [4.75, 6.5, 5, 8], "texture": "#1"},
				"up": {"uv": [7.75, 1.75, 7.25, 1.5], "texture": "#1"},
				"down": {"uv": [2.25, 7.25, 1.75, 7.5], "texture": "#1"}
			}
		}
	],
	"display": {
		"thirdperson_righthand": {
			"rotation": [64, 4, -8],
			"translation": [-1, 5.5, 2.75]
		},
		"thirdperson_lefthand": {
			"rotation": [47, 7, 5],
			"translation": [0, 4.5, 0.25]
		},
		"firstperson_righthand": {
			"rotation": [0, 6, -5.75],
			"translation": [-1, 0, -0.5]
		},
		"firstperson_lefthand": {
			"rotation": [0, 6, -5.75],
			"translation": [0, 0, -0.5]
		},
		"ground": {
			"rotation": [168.73, -65.97, -39.4],
			"translation": [0, 1.25, 0]
		},
		"gui": {
			"rotation": [87.11, 49.24, -84.14],
			"translation": [2.25, -1.75, 0]
		},
		"head": {
			"translation": [0, 8.75, -7.25]
		},
		"fixed": {
			"rotation": [100.59, -69.17, 99.92],
			"translation": [-4.5, 0, -3.5]
		}
	}
}