{
	"credit": "Made with Blockbench",
	"parent": "iron_hoe",
	"texture_size": [4, 4],
	"textures": {
		"0": "item/gun/2/Texture-1",
		"1": "item/gun/2/texture-2",
		"2": "item/gun/2/texture-3",
		"3": "item/gun/2/texture-4",
		"4": "item/gun/2/texture-5",
		"5": "item/gun/2/texture-6",
		"particle": "item/gun/2/Texture-1"
	},
	"elements": [
		{
			"from": [7.1, -4.1, 7],
			"to": [8.9, 2.9, 9],
			"rotation": {"angle": -22.5, "axis": "x", "origin": [0, 0, 0]},
			"faces": {
				"north": {"uv": [0, 0, 2, 7], "texture": "#2"},
				"east": {"uv": [2, 0, 4, 7], "texture": "#2"},
				"south": {"uv": [4, 0, 6, 7], "texture": "#2"},
				"west": {"uv": [6, 0, 8, 7], "texture": "#2"},
				"up": {"uv": [2, 9, 0, 7], "texture": "#2"},
				"down": {"uv": [4, 7, 2, 9], "texture": "#2"}
			}
		},
		{
			"from": [7, 5, -3],
			"to": [9, 7, 10],
			"faces": {
				"north": {"uv": [2, 2, 3, 3], "texture": "#0"},
				"east": {"uv": [0, 0, 6.5, 1], "texture": "#0"},
				"south": {"uv": [2, 3, 3, 4], "texture": "#0"},
				"west": {"uv": [0, 1, 6.5, 2], "texture": "#0"},
				"up": {"uv": [1, 8.5, 0, 2], "texture": "#0"},
				"down": {"uv": [2, 2, 1, 8.5], "texture": "#0"}
			}
		},
		{
			"from": [7, 7, 3],
			"to": [9, 8, 7],
			"faces": {
				"north": {"uv": [8, 2, 12, 4], "texture": "#1"},
				"east": {"uv": [0, 8, 8, 10], "texture": "#1"},
				"south": {"uv": [8, 4, 12, 6], "texture": "#1"},
				"west": {"uv": [8, 0, 16, 2], "texture": "#1"},
				"up": {"uv": [4, 8, 0, 0], "texture": "#1"},
				"down": {"uv": [8, 0, 4, 8], "texture": "#1"}
			}
		},
		{
			"from": [7.2, 3, 3],
			"to": [8.8, 5, 4],
			"faces": {
				"north": {"uv": [0, 0, 4, 4], "texture": "#4"},
				"east": {"uv": [4, 0, 6, 4], "texture": "#4"},
				"south": {"uv": [0, 4, 4, 8], "texture": "#4"},
				"west": {"uv": [4, 4, 6, 8], "texture": "#4"},
				"up": {"uv": [10, 2, 6, 0], "texture": "#4"},
				"down": {"uv": [10, 2, 6, 4], "texture": "#4"}
			}
		},
		{
			"from": [7.2, 3, 4],
			"to": [8.8, 4, 7],
			"faces": {
				"north": {"uv": [0, 8, 4, 10], "texture": "#3"},
				"east": {"uv": [0, 6, 6, 8], "texture": "#3"},
				"south": {"uv": [8, 0, 12, 2], "texture": "#3"},
				"west": {"uv": [6, 6, 12, 8], "texture": "#3"},
				"up": {"uv": [4, 6, 0, 0], "texture": "#3"},
				"down": {"uv": [8, 0, 4, 6], "texture": "#3"}
			}
		},
		{
			"from": [7.5, 5.5, -5.5],
			"to": [8.5, 6.5, -3],
			"faces": {
				"north": {"uv": [0, 0, 4, 4], "texture": "#5"},
				"east": {"uv": [4, 0, 6, 4], "texture": "#5"},
				"south": {"uv": [0, 4, 4, 8], "texture": "#5"},
				"west": {"uv": [4, 4, 6, 8], "texture": "#5"},
				"up": {"uv": [4, 10, 0, 8], "texture": "#5"},
				"down": {"uv": [12, 0, 8, 2], "texture": "#5"}
			}
		}
	],
	"display": {
		"thirdperson_righthand": {
			"rotation": [7, 1, -1],
			"translation": [0.5, 3.75, 2.75]
		},
		"thirdperson_lefthand": {
			"translation": [0, 4, 2.5]
		},
		"firstperson_righthand": {
			"rotation": [0, 0, 10],
			"translation": [0, 3.5, 0]
		},
		"firstperson_lefthand": {
			"rotation": [0, 0, 12],
			"translation": [0.5, 4, 0]
		},
		"ground": {
			"rotation": [0, 0, 90],
			"translation": [0, -3.25, 0]
		},
		"gui": {
			"rotation": [15, -44, -10],
			"translation": [-4, 3.25, 0.5]
		},
		"head": {
			"translation": [0, 7.25, 0]
		},
		"fixed": {
			"rotation": [0, 80, 0],
			"translation": [2.5, 3.5, 0]
		}
	}
}