{
    "providers":
    [
      {
        "type": "bitmap",
        "ascent": 8,
        "chars": ["\u02E8"],
        "file": "minecraft:ranks/tst.png",
        "height": 9
      },
      {
        "type": "bitmap",
        "ascent": 8,
        "chars": ["\u02E9"],
        "file": "minecraft:ranks/java.png",
        "height": 9
      },
      {
        "type": "bitmap",
        "ascent": 8,
        "chars": ["\u02E7"],
        "file": "minecraft:ranks/dev.png",
        "height": 9
      },
      {
        "type": "bitmap",
        "ascent": 8,
        "chars": ["\u02E6"],
        "file": "minecraft:ranks/hoster.png",
        "height": 9
      },
      {
        "type": "bitmap",
        "ascent": 8,
        "chars": ["\u02E5"],
        "file": "minecraft:ranks/admin.png",
        "height": 9
      },
      {
        "type": "bitmap",
        "ascent": 8,
        "chars": ["\u02E4"],
        "file": "minecraft:ranks/noormel.png",
        "height": 9
      }
    ]
  }