{
  "providers": [
    {
      "type": "bitmap",
      "ascent": 8,
      "chars": [
        "\u2420"
      ],
      "file": "minecraft:ranks/admin.png",
      "height": 9
    },
    {
      "type": "bitmap",
      "ascent": 8,
      "chars": [
        "\u2421"
      ],
      "file": "minecraft:ranks/builder.png",
      "height": 9
    },
    {
      "type": "bitmap",
      "ascent": 8,
      "chars": [
        "\u2422"
      ],
      "file": "minecraft:ranks/content.png",
      "height": 9
    },
    {
      "type": "bitmap",
      "ascent": 8,
      "chars": [
        "\u2423"
      ],
      "file": "minecraft:ranks/dev.png",
      "height": 9
    },
    {
      "type": "bitmap",
      "ascent": 8,
      "chars": [
        "\u2424"
      ],
      "file": "minecraft:ranks/events.png",
      "height": 9
    },
    {
      "type": "bitmap",
      "ascent": 8,
      "chars": [
        "\u2425"
      ],
      "file": "minecraft:ranks/owner.png",
      "height": 9
    },
    {
      "type": "bitmap",
      "ascent": 8,
      "chars": [
        "\u2426"
      ],
      "file": "minecraft:ranks/player.png",
      "height": 9
    },
    {
      "type": "bitmap",
      "ascent": 8,
      "chars": [
        "\u2427"
      ],
      "file": "minecraft:ranks/vip.png",
      "height": 9
    },
	{
	  "type": "bitmap",
	  "ascent": 47,
	  "chars": [
	  	"\uE809"
	  ],
	  "file": "minecraft:title/lobby_title.png",
	  "height": 60
	}
  ]
}